-- MySQL dump 10.13  Distrib 8.0.21, for Win64 (x86_64)
--
-- Host: localhost    Database: vitaminika
-- ------------------------------------------------------
-- Server version	8.0.21

/*!40101 SET @OLD_CHARACTER_SET_CLIENT=@@CHARACTER_SET_CLIENT */;
/*!40101 SET @OLD_CHARACTER_SET_RESULTS=@@CHARACTER_SET_RESULTS */;
/*!40101 SET @OLD_COLLATION_CONNECTION=@@COLLATION_CONNECTION */;
/*!50503 SET NAMES utf8 */;
/*!40103 SET @OLD_TIME_ZONE=@@TIME_ZONE */;
/*!40103 SET TIME_ZONE='+00:00' */;
/*!40014 SET @OLD_UNIQUE_CHECKS=@@UNIQUE_CHECKS, UNIQUE_CHECKS=0 */;
/*!40014 SET @OLD_FOREIGN_KEY_CHECKS=@@FOREIGN_KEY_CHECKS, FOREIGN_KEY_CHECKS=0 */;
/*!40101 SET @OLD_SQL_MODE=@@SQL_MODE, SQL_MODE='NO_AUTO_VALUE_ON_ZERO' */;
/*!40111 SET @OLD_SQL_NOTES=@@SQL_NOTES, SQL_NOTES=0 */;

--
-- Table structure for table `brands`
--

DROP TABLE IF EXISTS `brands`;
/*!40101 SET @saved_cs_client     = @@character_set_client */;
/*!50503 SET character_set_client = utf8mb4 */;
CREATE TABLE `brands` (
  `id` bigint unsigned NOT NULL AUTO_INCREMENT,
  `name` varchar(255) CHARACTER SET utf8mb4 COLLATE utf8mb4_unicode_ci NOT NULL,
  `title` text CHARACTER SET utf8mb4 COLLATE utf8mb4_unicode_ci,
  `description` text CHARACTER SET utf8mb4 COLLATE utf8mb4_unicode_ci,
  `image` text CHARACTER SET utf8mb4 COLLATE utf8mb4_unicode_ci,
  `presentation` text CHARACTER SET utf8mb4 COLLATE utf8mb4_unicode_ci,
  `country` varchar(255) CHARACTER SET utf8mb4 COLLATE utf8mb4_unicode_ci DEFAULT NULL,
  `created_at` timestamp NULL DEFAULT NULL,
  `updated_at` timestamp NULL DEFAULT NULL,
  PRIMARY KEY (`id`)
) ENGINE=InnoDB AUTO_INCREMENT=4 DEFAULT CHARSET=utf8 COLLATE=utf8_unicode_ci;
/*!40101 SET character_set_client = @saved_cs_client */;

--
-- Dumping data for table `brands`
--

LOCK TABLES `brands` WRITE;
/*!40000 ALTER TABLE `brands` DISABLE KEYS */;
INSERT INTO `brands` VALUES (1,'Doctor\'s Best','Научно-обоснованное питание для здоровой жизни','Основанная учеными-специалистами в 1990 году, компания предлагает более 200 различных продуктов сделанных из ингредиентов которые были изучены и отвечают высочайшим стандартам. Все они были протестированы на каждой ступени производства. От первичных материалов до готового продукта. Мы поддерживаем образ прозрачной компании. Наши покупатели должны знать, что мы предлагаем, зачем мы это предлагаем и как мы это предлагаем.','/img/doctors/doctors-best-logo.png','/files/DrBest_compressed.pdf','США',NULL,NULL),(2,'Animal Parade','Лидирующая линейка детских витаминов и пищевых добавок в мире','Предлагает каскадное разнообразие сочных вкусов, привлекательных текстур и разнообразных рецептур, делая пищевые добавки легким и приятным развлечением для детей и их родителей.','/img/animals/first_animalparade_logo.png','/files/Animal_Parade_compressed.pdf','США',NULL,NULL),(3,'PiLiJe Laboratoire','Пионер в исследовании пробиотиков. Альтернативный взгляд на медицину.','Поддерживаем здоровье с 1991 года. Независимая французская фармацевтическая лаборатория. Основана в 1991 году практикующим врачом. Семейная компания.','/img/pileje/logo.png','/files/PiLeJe_compressed.pdf','Франция',NULL,NULL);
/*!40000 ALTER TABLE `brands` ENABLE KEYS */;
UNLOCK TABLES;

--
-- Table structure for table `failed_jobs`
--

DROP TABLE IF EXISTS `failed_jobs`;
/*!40101 SET @saved_cs_client     = @@character_set_client */;
/*!50503 SET character_set_client = utf8mb4 */;
CREATE TABLE `failed_jobs` (
  `id` bigint unsigned NOT NULL AUTO_INCREMENT,
  `uuid` varchar(255) COLLATE utf8mb4_unicode_ci NOT NULL,
  `connection` text COLLATE utf8mb4_unicode_ci NOT NULL,
  `queue` text COLLATE utf8mb4_unicode_ci NOT NULL,
  `payload` longtext COLLATE utf8mb4_unicode_ci NOT NULL,
  `exception` longtext COLLATE utf8mb4_unicode_ci NOT NULL,
  `failed_at` timestamp NOT NULL DEFAULT CURRENT_TIMESTAMP,
  PRIMARY KEY (`id`),
  UNIQUE KEY `failed_jobs_uuid_unique` (`uuid`)
) ENGINE=InnoDB DEFAULT CHARSET=utf8mb4 COLLATE=utf8mb4_unicode_ci;
/*!40101 SET character_set_client = @saved_cs_client */;

--
-- Dumping data for table `failed_jobs`
--

LOCK TABLES `failed_jobs` WRITE;
/*!40000 ALTER TABLE `failed_jobs` DISABLE KEYS */;
/*!40000 ALTER TABLE `failed_jobs` ENABLE KEYS */;
UNLOCK TABLES;

--
-- Table structure for table `migrations`
--

DROP TABLE IF EXISTS `migrations`;
/*!40101 SET @saved_cs_client     = @@character_set_client */;
/*!50503 SET character_set_client = utf8mb4 */;
CREATE TABLE `migrations` (
  `id` int unsigned NOT NULL AUTO_INCREMENT,
  `migration` varchar(255) COLLATE utf8mb4_unicode_ci NOT NULL,
  `batch` int NOT NULL,
  PRIMARY KEY (`id`)
) ENGINE=InnoDB AUTO_INCREMENT=12 DEFAULT CHARSET=utf8mb4 COLLATE=utf8mb4_unicode_ci;
/*!40101 SET character_set_client = @saved_cs_client */;

--
-- Dumping data for table `migrations`
--

LOCK TABLES `migrations` WRITE;
/*!40000 ALTER TABLE `migrations` DISABLE KEYS */;
INSERT INTO `migrations` VALUES (1,'2014_10_12_000000_create_users_table',1),(2,'2014_10_12_100000_create_password_resets_table',1),(3,'2019_08_19_000000_create_failed_jobs_table',1),(4,'2019_12_14_000001_create_personal_access_tokens_table',1),(8,'2021_10_04_114642_create_products_table',2),(9,'2021_10_04_122021_create_brands_table',2),(10,'2021_10_06_145353_create_orders_table',3),(11,'2021_10_06_151604_create_order_product_table',4);
/*!40000 ALTER TABLE `migrations` ENABLE KEYS */;
UNLOCK TABLES;

--
-- Table structure for table `order_product`
--

DROP TABLE IF EXISTS `order_product`;
/*!40101 SET @saved_cs_client     = @@character_set_client */;
/*!50503 SET character_set_client = utf8mb4 */;
CREATE TABLE `order_product` (
  `id` bigint unsigned NOT NULL AUTO_INCREMENT,
  `order_id` int NOT NULL,
  `product_id` int NOT NULL,
  `created_at` timestamp NULL DEFAULT NULL,
  `updated_at` timestamp NULL DEFAULT NULL,
  PRIMARY KEY (`id`)
) ENGINE=InnoDB DEFAULT CHARSET=utf8mb4 COLLATE=utf8mb4_unicode_ci;
/*!40101 SET character_set_client = @saved_cs_client */;

--
-- Dumping data for table `order_product`
--

LOCK TABLES `order_product` WRITE;
/*!40000 ALTER TABLE `order_product` DISABLE KEYS */;
/*!40000 ALTER TABLE `order_product` ENABLE KEYS */;
UNLOCK TABLES;

--
-- Table structure for table `orders`
--

DROP TABLE IF EXISTS `orders`;
/*!40101 SET @saved_cs_client     = @@character_set_client */;
/*!50503 SET character_set_client = utf8mb4 */;
CREATE TABLE `orders` (
  `id` bigint unsigned NOT NULL AUTO_INCREMENT,
  `status` tinyint NOT NULL DEFAULT '0',
  `name` varchar(255) COLLATE utf8mb4_unicode_ci DEFAULT NULL,
  `surname` varchar(255) COLLATE utf8mb4_unicode_ci DEFAULT NULL,
  `phone` varchar(255) COLLATE utf8mb4_unicode_ci DEFAULT NULL,
  `email` varchar(255) COLLATE utf8mb4_unicode_ci DEFAULT NULL,
  `created_at` timestamp NULL DEFAULT NULL,
  `updated_at` timestamp NULL DEFAULT NULL,
  PRIMARY KEY (`id`)
) ENGINE=InnoDB DEFAULT CHARSET=utf8mb4 COLLATE=utf8mb4_unicode_ci;
/*!40101 SET character_set_client = @saved_cs_client */;

--
-- Dumping data for table `orders`
--

LOCK TABLES `orders` WRITE;
/*!40000 ALTER TABLE `orders` DISABLE KEYS */;
/*!40000 ALTER TABLE `orders` ENABLE KEYS */;
UNLOCK TABLES;

--
-- Table structure for table `password_resets`
--

DROP TABLE IF EXISTS `password_resets`;
/*!40101 SET @saved_cs_client     = @@character_set_client */;
/*!50503 SET character_set_client = utf8mb4 */;
CREATE TABLE `password_resets` (
  `email` varchar(255) COLLATE utf8mb4_unicode_ci NOT NULL,
  `token` varchar(255) COLLATE utf8mb4_unicode_ci NOT NULL,
  `created_at` timestamp NULL DEFAULT NULL,
  KEY `password_resets_email_index` (`email`)
) ENGINE=InnoDB DEFAULT CHARSET=utf8mb4 COLLATE=utf8mb4_unicode_ci;
/*!40101 SET character_set_client = @saved_cs_client */;

--
-- Dumping data for table `password_resets`
--

LOCK TABLES `password_resets` WRITE;
/*!40000 ALTER TABLE `password_resets` DISABLE KEYS */;
/*!40000 ALTER TABLE `password_resets` ENABLE KEYS */;
UNLOCK TABLES;

--
-- Table structure for table `personal_access_tokens`
--

DROP TABLE IF EXISTS `personal_access_tokens`;
/*!40101 SET @saved_cs_client     = @@character_set_client */;
/*!50503 SET character_set_client = utf8mb4 */;
CREATE TABLE `personal_access_tokens` (
  `id` bigint unsigned NOT NULL AUTO_INCREMENT,
  `tokenable_type` varchar(255) COLLATE utf8mb4_unicode_ci NOT NULL,
  `tokenable_id` bigint unsigned NOT NULL,
  `name` varchar(255) COLLATE utf8mb4_unicode_ci NOT NULL,
  `token` varchar(64) COLLATE utf8mb4_unicode_ci NOT NULL,
  `abilities` text COLLATE utf8mb4_unicode_ci,
  `last_used_at` timestamp NULL DEFAULT NULL,
  `created_at` timestamp NULL DEFAULT NULL,
  `updated_at` timestamp NULL DEFAULT NULL,
  PRIMARY KEY (`id`),
  UNIQUE KEY `personal_access_tokens_token_unique` (`token`),
  KEY `personal_access_tokens_tokenable_type_tokenable_id_index` (`tokenable_type`,`tokenable_id`)
) ENGINE=InnoDB DEFAULT CHARSET=utf8mb4 COLLATE=utf8mb4_unicode_ci;
/*!40101 SET character_set_client = @saved_cs_client */;

--
-- Dumping data for table `personal_access_tokens`
--

LOCK TABLES `personal_access_tokens` WRITE;
/*!40000 ALTER TABLE `personal_access_tokens` DISABLE KEYS */;
/*!40000 ALTER TABLE `personal_access_tokens` ENABLE KEYS */;
UNLOCK TABLES;

--
-- Table structure for table `products`
--

DROP TABLE IF EXISTS `products`;
/*!40101 SET @saved_cs_client     = @@character_set_client */;
/*!50503 SET character_set_client = utf8mb4 */;
CREATE TABLE `products` (
  `id` bigint unsigned NOT NULL AUTO_INCREMENT,
  `brand_id` int NOT NULL,
  `name` varchar(255) COLLATE utf8mb4_unicode_ci NOT NULL,
  `code` varchar(255) COLLATE utf8mb4_unicode_ci NOT NULL,
  `description` text COLLATE utf8mb4_unicode_ci,
  `details` text COLLATE utf8mb4_unicode_ci,
  `function` varchar(255) COLLATE utf8mb4_unicode_ci DEFAULT NULL,
  `form` varchar(255) COLLATE utf8mb4_unicode_ci DEFAULT NULL,
  `amount` varchar(255) COLLATE utf8mb4_unicode_ci DEFAULT NULL,
  `image` text COLLATE utf8mb4_unicode_ci,
  `price` double NOT NULL DEFAULT '0',
  `created_at` timestamp NULL DEFAULT NULL,
  `updated_at` timestamp NULL DEFAULT NULL,
  PRIMARY KEY (`id`)
) ENGINE=InnoDB AUTO_INCREMENT=43 DEFAULT CHARSET=utf8mb4 COLLATE=utf8mb4_unicode_ci;
/*!40101 SET character_set_client = @saved_cs_client */;

--
-- Dumping data for table `products`
--

LOCK TABLES `products` WRITE;
/*!40000 ALTER TABLE `products` DISABLE KEYS */;
INSERT INTO `products` VALUES (1,1,'Hi Abs 100% Chelated Magnesium','01001','Магния Хелат с высокой биодоступностью 100 мг. Doctor\'s Best использует запатентованную, органическую, хелатную форму магния для оптимизации биодоступности и переносимости желудочнокишечного тракта. Магний является важным диетическим минералом, необходимым для оптимальной работы сердечнососудистой и нервной систем, скелетных мышц, костей, артериального давления и поддержания здоровых показателей уровня сахара в крови. 75 % взрослых людей испытывают дефицит магния. Низкое содержание магния связано с уменьшением минеральной плотности костей. Дефицит магния увеличивается с возрастом из-за недостаточного потребления его с пищей, плохого усвоения и некоторых препаратов, которые, как известно, истощают магний.','Содержание в одной порции (2 таблетки): магний (из 2000 мг лицината глицината хелата магния) – 200 мг. Другие ингредиенты: микрокристаллическая целлюлоза, кроскармеллоза натрия, стеарат магния (растительный источник), стеариновая кислота, оболочка (гипромеллоза, гидроксипропилцеллюлоза). Без ГМО / без глютена / без сои /вегетарианский / веганский','магния хелат с высокой биодоступностью 100 мг','таблетки','120/240 таблеток','/img/doctors/753950000254.jpg',199,NULL,NULL),(2,1,'5-HTP','01002','5-Гидрокситриптофан 100 мг. Обеспечивает безлекарственную поддержку здорового сна и настроения, освобождает от тревожности и повышает стрессоустойчивость при эмоциональных нагрузках. 5-HTP способствует выработке серотонина. Серотонин - это химический нейромедиатор, вырабатываемый в головном мозге, который помогает регулировать сон, температуру тела, сексуальное желание, настроение и аппетит. Синтез серотонина в головном мозге требует адекватного поступления триптофана или 5-HTP в качестве предшественников в центральной нервной системе.','Содержание в одной порции (1 веганская капсула): 5-гидрокситриптофан (5-гидрокси L-триптофан) (экстракт из семян гриффонии) - 100 мг. Другие ингредиенты: модифицированная целлюлоза (вегетарианская капсула), микрокристаллическая целлюлоза, диоксид кремния. Без ГМО / без глютена / без сои / вегетарианский / веганский','5-Гидрокситриптофан 100 мг','капсулы','60/180 веганских капсул','/img/doctors/753950000773.jpg',199,NULL,NULL),(3,1,'Natural Vitamin K2 MenaQ7','01003','ВИТАМИН K2 в форме MK-7 45мкг. Уникальная формула, которая поддерживает в здоровом состоянии кости, а также эластичность мягких тканей. MenaQ7® поставляет превосходную форму витамина К - витамин К2, который более биодоступен, чем другие формы. MenaQ7 очищен от ферментированного нута, который богат витамином K2. К2 относится к группе соединений витамина К, называемых менахинонами, которые проявляют большую биологическую активность по сравнению с К1. К2 также всасывается более полно, дольше остается в организме и обеспечивает большую пользу для костей, кровеносных сосудов и других мягких тканей.','Содержание в одной порции (1 веганская капсула): витамин K2 (из MenaQ7 Менахинон, МК-7) – 45мкг. Другие ингредиенты: микрокристаллическая целлюлоза, модифицированная целлюлоза (вегетарианская капсула), моностеарат глицерина, стеарат магния (растительный источник), аскорбилпальмитат, экстракт розмарина. ВИТАМИН K2 в форме MK-7 45мкг.  Без ГМО / без глютена / без сои / вегетарианский / веганский','ВИТАМИН K2 в форме MK-7 45мкг','капсулы','60/180 веганских капсул','/img/doctors/753950001985.jpg',123,NULL,NULL),(4,1,'Curcumin Phytosome with Meriva','01004','ФИТОСОМА КУРКУМИНА С ПОВЫШЕННОЙ БИОДОСТУПНОСТЬЮ 500 МГ. Поддерживает здоровую функцию суставов, здоровье глаз и кровообращение в малых сосудах. Мощный антиоксидант, который защищает клетки и ткани, борясь со свободными радикалами. Поставляет комплекс куркумина, включающий куркумин, бисдиметоксикуркумин и деметоксикуркумин. Производится с использованием запатентованной технологии Phytosome, которая улучшает усвоение куркуминов.','Содержание в одной порции (2 веганские капсулы): фитосом куркумина (Мерива): - комплекс фосфолипидов-куркуминоидов – 1000мг, - куркумин и другие куркуминоиды, минимум – 180мг. Другие ингредиенты: модифицированная целлюлоза (вегетарианская капсула), целлюлоза, стеарат магния (растительный источник), диоксид кремния. Без ГМО / без глютена / без сои / вегетарианский / веганский','ФИТОСОМА КУРКУМИНА С ПОВЫШЕННОЙ БИОДОСТУПНОСТЬЮ 500 МГ','капсулы','60/180 веганских капсул','/img/doctors/753950002258.jpg',564,NULL,NULL),(5,1,'Real Krill Enhanced with DHA & EPA','01005','ОМЕГА-3 ИЗ МАСЛА АНТАРКТИЧЕСКОГО КРИЛЯ В ФОСФОЛИПИДНОЙ ФОРМЕ. Уникальная биологически активная добавка, которая сочетает в себе натуральное масло антарктического криля из экологически чистого криля с высокоэффективными жирными кислотами Омега-3 из рыбы. Уникальная формула, которая поддерживает здоровое развитие и функционирование мозга. Содержащиеся в продукте липиды способствуют здоровью сердечно-сосудистой системы и правильному кровообращению. Криль обеспечивает Омега-3 ЭПК и ДГК, связанные в фосфолипиды, которые являются биодоступной формой этих незаменимых жирных кислот.','Содержание в одной порции (2 мягкие капсулы): SUPERBA (Комплекс масла антарктического криля и рыбьего жира Омега-3, обеспечивающий: фосфолипиды, мин. - 240 мг; жирные кислоты Омега-3, мин. - 800 мг: ДГК (докозагексаеновая кислота), мин. - 512 мг, ЭПК (эйкозапентаеновая кислота), мин. - 134 мг; астаксантин, мин. - 30 мкг). Другие ингредиенты: гелевая капсула (желатин, глицерин, очищенная вода), ванилин. Содержит моллюсков (криль). Содержит рыбу (анчоус, скумбрия, сардина, тунец). Без глютена / без ГМО / без сои','ОМЕГА-3 ИЗ МАСЛА АНТАРКТИЧЕСКОГО КРИЛЯ В ФОСФОЛИПИДНОЙ ФОРМЕ','капсулы','60 гелевых капсул','/img/doctors/753950002340.jpg',433,NULL,NULL),(6,1,'Purified & Clear тOmega 3 Fish Oil','01006','ДВОЙНАЯ ОМЕГА-3 1000 МГ ДКГ И ЭПК ИЗ АНЧОУСА. Содержит сертифицированный чистый жир анчоуса южной части Тихого океана, который производится с помощью запатентованного современного процесса фильтрации, что приводит к очень низкому значению TOTOX (показателя свежести морского жира). Чем ниже значение TOTOX, тем лучше качество жира. Светлый цвет также является показателем его чистоты. Помогает поддерживать здоровье глаз и мозга. Помогает поддерживать сердечно-сосудистую систему и здоровье суставов.','Содержание в одной порции (2 мягкие морские капсулы): жир из анчоуса - 2000 мг, всего Омега-3 в виде этиловых эфиров - 1400 мг: ЭПК (эйкозапентаеновая кислота), мин. - 800 мг, ДГК (докозагексаеновая кислота), мин. - 400 мг. Другие ингредиенты: мягкая капсула (желатин из рыбы, глицерин, очищенная вода), смешанные токоферолы (антиоксидант). Содержит рыбу (масло: анчоус; желатин: тилапия/карп). Без ГМО / без глютена','ДВОЙНАЯ ОМЕГА-3 1000 МГ ДКГ И ЭПК ИЗ АНЧОУСА','капсулы','120 морских гелевых капсул','/img/doctors/753950004788.jpg',3080,NULL,NULL),(7,1,'Hi Absorption CoQ10 (100 mg)','01007','КОЭНЗИМ С БИОПЕРИНОМ ВЫСОКОЙ БИОДОСТУПНОСТИ 100 мг. Фармацевтический сорт коэнзима Q10 натурального брожения, произведенный в соответствии с высокими стандартами качества. Насыщен натуральным экстрактом черного перца BioPerine для улучшения усвояемости и биодоступности. Помогает поддерживать здоровье сердечнососудистой системы и клеточную энергию. Необходимость продукта обусловлена тем, что уровни коэнзима Q10 в сердце и организме могут начать естественным образом снижаться после 40 лет. Предполагается также, что статиновые препараты для лечения высокого уровня холестерина оказывают заметные побочные эффекты, которые могут еще больше снизить уровень коэнзима Q10 в организме.','Содержание в одной порции (1 веганская капсула): коэнзим Q10 (убихинон) - 100 мг, экстракт черного перца (плод Piper nigrum)(стандартизированный до содержания 95% пиперина) (BioPerine ®) - 5 мг. Другие ингредиенты: рисовый порошок, модифицированная целлюлоза (вегетарианская капсула), стеарат магния (растительный источник), диоксид кремния. Без глютена / без ГМО / вегетарианский / веганский','КОЭНЗИМ С БИОПЕРИНОМ ВЫСОКОЙ БИОДОСТУПНОСТИ 100 мг','капсулы','30/60/120/360 веганских капсул','/img/doctors/753950000544.jpg',4365,NULL,NULL),(8,1,'Extra Strength Ginkgo (120 mg)','01008','ГИНКГО БИЛОБА СТРОНГ ГИПОАЛЛЕРГЕННАЯ 120 мг. Улучшает память и работу мозга, поддерживает здоровую функцию митохондрий и работу нервных клеток. Обеспечивает мощную комбинацию флавоноидов и терпеновых лактонов из листьев гинкго билоба.','Содержание в одной порции (1 веганская капсула): экстракт листьев гинкго билоба - 120 мг, Обеспечивающий минимум: 24% флавонгликозидов (28,8 мг); 6% терпеновых лактонов (7,2 мг). Другие ингредиенты: микрокристаллическая целлюлоза, модифицированная целлюлоза (вегетарианская капсула), диоксид кремния. Без ГМО / без глютена / без сои / вегетарианский / веганский','ГИНКГО БИЛОБА СТРОНГ ГИПОАЛЛЕРГЕННАЯ 120 мг','капсулы','120/360 веганских капсул','/img/doctors/753950000919.jpg',235,NULL,NULL),(9,1,'PEPZIN GI','01009','Представляет собой комплекс цинка-L-карнозина, который помогает облегчить случайный желудочный дискомфорт. Поддерживает целостность клеток желудка и способствует выделению слизи, сохраняя при этом бактериальный баланс в желудочнокишечном тракте.\r','Содержание в одной порции (2 веганские капсулы): - цинк (из цинк-L-карнозина PepZin GI) - 16 мг; - цинк-L-карнозин (из цинк-L-карнозина PepZin GI) - 75 мг; L-карнозин (из цинк-L-карнозина PepZin GI) - 59\nмг. Другие ингредиенты: микрокристаллическая целлюлоза, модифицированная целлюлоза (вегетарианская капсула), стеарат магния (растительный источник), диоксид кремния. Без ГМО / без глютена / без сои / веганский','Хелат цинка-L-карнозина','капсулы','120 веганских капсул','/img/doctors/753950001367.jpg',323,NULL,NULL),(10,1,'CELADRIN 500 мг','01010','Повышает комфорт и подвижность суставов и способствует их здоровой структуре. Проникает в клеточные мембраны, усиливает их\nпроницаемость и обеспечивает передачу сигналов от клетки к клетке.\r','Содержание в одной порции (1 капсула): целадрин (запатентованная смесь этерифицированных жирных кислот с углеродом миристата, миристолеата, лаурата, олеата, пальмитата и пальмитолеата с тапиокой) – 500 мг. Другие ингредиенты: желатин (капсула), микрокристаллическая целлюлоза.\r Без глютена / без ГМО','Целадрин здоровье и гибкость суставов 500 мг','капсулы','90 капсул','/img/doctors/753950001374.jpg',3455,NULL,NULL),(11,1,'Stabilized RLipoic Acid (100 mg)','01011','Поддерживает защиту организма от свободных радикалов и перерабатывает антиоксиданты, такие как витамин С и витамин Е. Содержит натриевую соль природной R-липоевой кислоты. Эта стабилизированная форма R-липоевой кислоты, которая не разлагается при высоких температурах, что делает ее более биодоступной, чем обычная R-липоевая кислота, и не имеет остатков растворителя. Поскольку она растворима как в воде, так и в жире, липоевую кислоту иногда называют «универсальным антиоксидантом».','Содержание в одной порции (1 веганская капсула): D-биотин – 150 мкг; R-липоевая кислота – 100 мг. Другие ингредиенты: модифицированная целлюлоза (вегетарианская капсула), микрокристаллическая целлюлоза, рисовый порошок, диоксид кремния, стеарат магния (растительный источник). Без глютена / без ГМО / вегетарианский / веганский','R-ЛИПОЕВАЯ КИСЛОТА С ВЫСОКОЙ БИОДОСТУПНОСТЬЮ 100 мг','капсулы','60/180 веганских капсул\r','/img/doctors/753950001237.jpg',2345,NULL,NULL),(12,1,'Calcium Bone Maker Complex','01012','Уникальная формула, которая укрепляет здоровье скелета, мышц и общее самочувствие. В состав комплекса входит кальций с витамином D для эффективного поддержания прочности костей, а также биоактивный витамин K2, помогающий регулировать содержание кальция в костях. Поставляет необходимые для костной системы питательные вещества в их наиболее биологически активных формах.\r','Содержание в одной порции (3 капсулы): - кальций (из MCH-Cal) – 300 мг; - магний (из димагния малата) – 150 мг; - калий (из цитрата калия) – 49 мг; - цинк (из монометионина цинка) – 6 мг; - медь (из глюконата меди) – 600 мкг: - марганец (из цитрата марганца) – 1 мг; - бор (из цитрата Бора) – 2 мг; - витамин С (как аскорбиновая кислота) – 125 мг; - витамин D (как D3, холекальциферол) – 900 ед.; -витамин К (как К-2, МК-7/менахинон-7) – 40 мкг; - белок (из MCH-Cal) – 300 мг; - MCH-Cal (микрокристаллический гидроксиапатит\nкальция) - 1363 мг. Другие ингредиенты: рисовая мука, стеарат магния (растительный источник), желатин (капсула). Без ГМО / без глютена / без сои','КОМПЛЕКС КАЛЬЦИЯ С ВЫСОКОЙ БИОДОСТУПНОСТЬЮ\r','капсулы','180 капсул','/img/doctors/753950002456.jpg',235,NULL,NULL),(13,1,'Sustained Release Vitamin C with PureWayC','01013','Уникальная формула, поддерживающая иммунную и антиоксидантную системы организма, обладает эффектом омоложения. PureWay-C®, уникальная форма витамина С, которая содержит витамин С-липидные метаболиты, обеспечивающие превосходное поглощение, биодоступность и удержание в клетках, и является более мощным поглотителем свободных радикалов, чем некоторые другие формы витамина С. Повышенная биодоступность PureWay-C® означает, что эта формула обладает большим потенциалом, чем другие формы витамина С, чтобы помочь поддерживать здоровую функцию нейронов и повысить активность иммунной системы. Формула также содержит цитрусовые биофлавоноиды, которые улучшают всасывание витамина С и удаление свободных радикалов, и аскорбилпальмитат, жирорастворимую форму витамина С, которая может храниться в липидных клеточных мембранах для последующего использования.\r','Содержание в 1 таблетке: витамин С (PureWay ® и аскорбилпальмитат) – 500 мг. Другие ингредиенты: модифицированная целлюлоза (вегетарианская капсула). Без ГМО / без глютена / вегетарианский / веганский / без сои\r','Витамин C пролонгированного действия 500 мг','таблетки','60 таблеток','/img/doctors/753950002562.jpg',3465,NULL,NULL),(14,1,'CALAMARI DHA 500 with CALAMARINE','01014','Необходим для здорового развития мозга, глаз и сердца. Поставляет высококонцентрированную Омега-3 ДГК (докозагексаеновую кислоту), полученную из экологически чистого кальмара, и дистиллированную воду для обеспечения чистоты. Это витаминоподобное питательное вещество жизненно важно для умственной деятельности, здоровья сердца и кровеносных сосудов, зрения, иммунитета. Основополагающее значение ДГК для здоровья заключается в том, что она является строительным материалом для систем клеточных мембран.\r','Содержание в одной порции (1 мягкая капсула): Calamarine - концентрат ДГК Омеги-3, обеспечивающий жирные кислоты Омега-3, мин. - 550 мг: ДГК (докозагексаеновая кислота), мин. – 500 мг, ЭПК (эйкозапентаеновая кислота), мин. – 50 мг. Другие ингредиенты: мягкая капсула (желатин, глицерин, очищенная вода), натуральный аромат лимона, смешанные токоферолы.Без ГМО / без глютена','ОМЕГА-3 ДГК 500 С КОНЦЕНТРАТОМ КАЛАМАРИНА 500 МГ\r','капсулы','60/180 мягких капсул','/img/doctors/753950002593.jpg',3532,NULL,NULL),(15,1,'Fully Active Folate 400 with Quatrefolic','01015','Является витамином С, который поддерживает здоровое самочувствие, память, кровообращение и хорошее настроение. Идентичен самой активной форме фолата человеческого организма. Обеспечивает 5 метилтетрагидрофолат (MTHF) из Quatrefolic, активную форму для регуляции ДНК и других базовых метаболических процессов. Организм не может самостоятельно производить фолиевую кислоту и должен получать MTHF из продуктов питания или пищевых добавок. Её недостаток в организме может нарушать ключевые жизненные процессы, включая регуляцию на уровне генов, модели роста клеток и восстановление тканей от рождения до старости.','Содержание в одной порции (1 веганская капсула): - витамин С (как аскорбиновая кислота) – 40 мг; фолат - 400 мкг DFE (диетический эквивалент фолата). Другие ингредиенты: микрокристаллическая целлюлоза, модифицированная целлюлоза (вегетарианская капсула). Без глютена / без ГМО / вегетарианский / веганский','ФОЛИЕВАЯ КИСЛОТА С ВИТАМИНОМ С 400 мкг','капсулы','90 веганских капсул\r','/img/doctors/753950002623.jpg',5346,NULL,NULL),(16,1,'Collagen Types 1 & 3 (500mg)','01016','Поддерживает здоровье волос, кожи, ногтей, сухожилий, связок и костей. Поддерживает комфорт, подвижность и качество жизни. Коллаген является основным структурным белком в здоровых суставах. Он также помогает обеспечить строительные блоки для здоровых тканей. Содержит чистый белок коллагена, ферментативно гидролизуемый в низкомолекулярные пептиды для оптимального использования организмом.','Содержание в одной порции (4 капсулы): - белок (из Peptan®, гидролизованного коллагена 1 и 3 типа) – 2 г, - витамин С (как аскорбат кальция) – 300 мг; - гидролизованный коллаген 1 и 3 типа (как Peptan, коровий) – 2 г. Другие ингредиенты: микрокристаллическая\nцеллюлоза, желатин (капсула), стеарат магния (растительный источник), диоксид кремния. Без ГМО / без глютена / без сои','КОЛЛАГЕН 1 и 3 ТИПА С ПЕПТАНОМ 500 мг','капсулы','240 капсул','/img/doctors/753950002630.jpg',3452,NULL,NULL),(17,1,'Glucosamine/Chondroitin/MSM Plus Hyaluronic Acid','01017','Формула Doctor’s Best с глюкозамином, хондроитином, метилсульфонилметаном и гиалуроновой кислотой содержит четыре важных питательных вещества, полезных для суставов и соединительных тканей: глюкозамин, хондроитин, метилсульфонилметан (MSM из OptiMSM) и гиалуроновую кислоту (коллаген BioCell). Глюкозамин сульфат полезен для смазки суставов, обеспечивая большую подвижность и гибкость. Хрящ, состоящий из протеогликанов, в основном находится на костях и вблизи суставов и состоит из коллагенового белка с боковыми цепями, которые называются сульфатом хондротина. Метилсульфонилметан снабжает организм биодоступной серой, которая необходима для здоровья суставов. Коллаген BioCell Collagen — проверенный ингредиент, содержащий запатентованную смесь из гидролизованного коллагена типа II, сульфата хондротина и гиалуроновой кислоты в биодоступной форме. Помогает обеспечить крепость, гибкость и здоровье суставов, улучшает состояние волос, кожи и суставов, полезен для соединительных тканей.','Содержание в одной порции (5 капсул): - хлорид (из глюкозамина сульфата 2KCl) – 180 мг, - натрий (из хондроитина сульфата натрия) – 85 мг; - калий (из глюкозамина сульфата 2KCl) – 180 мг; - коллаген BioCell (из стернального хряща курицы) - 1000 мг, обеспечивающий минимум: гидролизованный коллаген 2 типа - 600 мг хондроитин сульфат - 200 мг гиалуроновая кислота - 100 мг - глюкозамин сульфат 2KCl - 1500 мг; - хондроитин сульфат (из хондроитина сульфата натрия) - 1000 мг; - MSM/OptiMSM (метилсульфанилметан) - 1000 мг. Другие ингредиенты: желатин (капсула), рисовый порошок, стеарат магния (растительный источник), диоксид кремния.Без ГМО / без глютена / без сои','ГЛЮКОЗАМИН ХОНДРОИТИН МСМ + ГИАЛУРОНОВАЯ КИСЛОТА\r','капсулы','150 капсул\r','/img/doctors/753950002715.jpg',235,NULL,NULL),(18,1,'Best L-Tyrosine ','01018','L-Тирозин, одна из 22 аминокислот, используемых для производства белков, является условно незаменимой аминокислотой, которая является\nпредшественником дофамина, адреналина и норэпинефрина как передатчик катехоламинов. Дофамин, адреналин и норадреналин являются важными мессенджерами для мозга и других нервных сетей организма. Щитовидная железа использует L-тирозин для выработки жизненно важного гормона тироксина. L-тирозин помогает предотвратить когнитивные функции в ответ на физический стресс.','Содержание в одной порции (1 капсула): тирозин (L-тирозин) – 500 мг.\nДругие ингредиенты: модифицированная целлюлоза (вегетарианская капсула). Без глютена / без ГМО','L-ТИРОЗИН 500 мг','капсулы','120 веганских капсул','/img/doctors/753950003163.jpg',6533,NULL,NULL),(19,1,'MSM','01019','Метилсульфонилметан способствует комфорту и мобильности путем поддержания здоровья суставов и связок. OptiMSM®, используемый источник МСМ, является запатентованной высокоочищенной формой МСМ. Помогает поддерживать здоровье кожи, волос и ногтей, способствуя выработке кератина. Выпускается в форме таблеток, порошка, капсул и вегетарианских капсул, обеспечивая от 250 до 1500 мг МСМ на порцию.','Содержание в одной порции (3 капсулы): МСМ (метилсульфанилметан) (OptiMSM®) – 3000 мг. Другие ингредиенты: модифицированный желатин (вегетарианская капсула).Без глютена / без ГМО / вегетарианский / веганский','Метилсульфонилметан МСМ 1000 мг','капсулы','180 веганских капсул','/img/doctors/753950003316.jpg',2534,NULL,NULL),(20,1,'Pure Wild Alaskan Fish Oil','01020','Помогает нормализовать и регулировать уровни триглицеридов, которые необходимы, чтобы сохранить сердечно-сосудистую систему здоровой. Обеспечивает незаменимые жирные кислоты ДГК и ЭПК для здоровья глаз и мозга. Помогает поддерживать здоровье суставов.','Содержание в одной порции (2 мягкие морские капсулы): AlaskOmega ® концентрат рыбьего жира Омега-3 из аляскинского минтая – 2000 мг; общее количество жирных кислот Омега-3 в виде этиловых эфиров – 1300 мг: ЭПК (эйкозапентаеновая кислота), мин. – 800 мг ДГК (докозагексаеновая кислота), мин. – 400 мг. Другие ингредиенты: мягкая капсула (желатин из рыбы, глицерин, очищенная вода), смешанные токоферолы (антиоксидант).Без ГМО / без глютена','ОМЕГА-3 ИЗ РЫБЫ ДИКОЙ АЛЯСКИ 1000 мг','капсулы','180 мягких морских капсул','/img/doctors/753950004177.jpg',2354,NULL,NULL),(21,1,'HIGH ABSORPTION IRON','01021','Хелатируется с бисглицинатными аминокислотами, обеспечивая высокую абсорбцию и повышенную переносимость. Помогает предотвратить дефицит железа. Помогает поддерживать иммунитет. Помогает поддерживать производство клеток.','Содержание в одной порции (1 таблетка): железо (из Ferrochel®, хелатного бисглицината железа) – 27 мг. Другие ингредиенты: микрокристаллическая целлюлоза, стеарат магния (растительный источник), диоксид кремния, оболочка (гипромеллоза, гидроксипропилцеллюлоза, глицерин). Без ГМО / без глютена / без сои / веганский\r','ХЕЛАТ ЖЕЛЕЗА С ВЫСОКОЙ БИОДОСТУПНОСТЬЮ 27 МГ','таблетки','120 таблеток','/img/doctors/753950004597.jpg',5334,NULL,NULL),(22,1,'Cinnamon Extract with CinSulin','01022','Запатентованный водный экстракт корицы. Корица помогает улучшить функцию инсулина и способствует более эффективному метаболизму глюкозы. Она также помогает снизить уровень глюкозы в крови и уменьшить окислительный стресс. Одна доза капсул эквивалентна 10 обычным капсулам корицы (500 мг). Помогает поддерживать уровень сахара в крови в пределах нормы.','Содержание в одной порции (2 веганские капсулы): экстракт коры корицы – 500 мг. Другие ингредиенты: модифицированная целлюлоза (вегетарианская капсула), микрокристаллическая целлюлоза, диоксид кремния, стеарат магния (растительный источник). Без ГМО / без глютена / без сои / веганский\r','ЭКСТРАКТ КОРИЦЫ С ЦИНСУЛИНОМ 500 МГ','капсулы','120 веганских капсул','/img/doctors/753950004634.jpg',765,NULL,NULL),(23,1,'Omega + DHA Gummies','01023','Веганская формула содержит жирные кислоты Омега-3, Омега-6, Омега-9 из масла чиа и ДГК из масла водорослей. Эта мощная смесь Омега, ДГК и витамина С в сочетании с сочным жевательным мармеладом поддерживает когнитивные функции, здоровье сердца и сосудов, зрение, иммунитет, увлажнение кожи и здровье суставов.','Содержание в одной порции (3 мармеладки): - всего углеводов – 7 г; - всего сахаров – 4 г; - витамин С (как аскорбиновая кислота) – 20 мг; - натрий – 20 мг; - всего масла Омега (из масла Чиа и ДГК) – 275 мг: Омега-3 (альфалинолевая кислота) – 130 мг Омега-6 (линолевая кислота) – 65 мг Омега-9 (олеиновая кислота) – 30 мг - ДГК (докозагексаеновая кислота) – 50 мг, (из масла водорослей). Другие ингредиенты: сироп глюкозы, сахар, глюкоза, модифицированный кукурузный крахмал, вода, яблочная кислота, натуральные ароматизаторы, цитрат натрия, для цвета (аннато, куркума), кокосовое масло, карнаубский воск. Без желатина / без глютена / веганский / натуральные ароматизаторы и красители','ОМЕГА 3-6-9 С НАТУРАЛЬНЫМ ЦИТРУСОВЫМ ВКУСОМ','мармелад','90 жевательных мармеладок','/img/doctors/753950005068.jpg',963,NULL,NULL),(24,2,'Магний для детей','02001','Источник натурального, биодоступного магния в форме вкусных и забавных зверят, которых ваши дети обязательно полюбят. Необходим для расслабления мышц, а также для укрепления костной системы, здорового роста и развития ребенка.','Содержание в одной порции (2 жевательные пастилки в форме животных): Всего углеводов – 2 г Магний (в виде цитрата) – 100 мг. Другие ингредиенты: Натуральные ароматизаторы (вишня, малина), стеариновая кислота, лимонная кислота, питательная смесь для повышения абсорбции (гуаровая камедь, ФОС),стеарат магния, натуральный краситель (овощной сок), кремнезем и стевия. Не содержит искусственных красителей и консервантов / Без дрожжей / Без глютена / Вегетарианский','Магний для детей','Жевательные пастилки (зверята) с вишнёвым вкусом.','90 таблеток','/img/animals/97467299429.jpg',356,NULL,NULL),(25,2,'АцидофиКидз','02002','Вкусный ягодный пробиотический комплекс АцидофиКидз сделан на основе растительного экстракта Рододендрона кавказского и пробиотика B. coagulans. Чистые фруктоолигосахариды (ФОС) помогают максимизировать эффекты пробиотических добавок, повышая биодоступность и способствуя гармоничному состоянию кишечной флоры. ','Содержание в одной порции (1 жевательная пастилка в форме животных): Сахароза – 1 г Пробиотический комплекс (собственная мульти-штаммовая смесь дружественной индестинальной флорыбифидобактерий (infantis, longum и bifidum), лактобактерий rhamnosus, микрокапсулированных B. coagulans и ублимированных пробиотиков кефирной культуры (Lactobacillus plantarum, Streptococcus thermophilus, Bifidobacterium bifidum)) - 1 млрд. клеток Растительный комплекс (комплекс экстракта виноградных косточек (Vitis vinifera) и растительных ускорителей роста - фруктоолигосахаридов (ФОС) из не содержащих ГМО свеклы/тростника и корня цикория (Cichorium intybus), мед Дикого клевера) – 20 мг. Другие ингредиенты: Фруктоза, микрокристаллическая целлюлоза, натуральные ароматизаторы и красители, лимонная кислота, стеариновая кислота, гуаровая камедь и стеарат магния. Не содержит искусственных красителей и консервантов / Без глютена','Жевательные пастилки (зверята) для улучшения пищеварения с ягодным вкусом','Жевательные пастилки','90 таблеток','/img/animals/97467299696.jpg',2346,NULL,NULL),(26,2,'Кальций','02003','Быстрый рост и активный образ жизни большинства детей требуют регулярного эффективного питания - продукт идеально удовлетворяет эти потребности. Жевательные пастилки с цельными пищевыми концентратами и классическим вкусом ванили помогают ребенку гармонично развиваться и быть здоровым.','Содержание в одной порции (2 жевательные пастилки в форме животных): Сахара – 2 г Кальций (в виде комплекса аминоатов) – 250 мг Магний (в виде комплекса аминоатов) – 50 мг. Другие Ингредиенты: Фруктоза, натуральная ваниль, карбонат кальция, карбонат магния, шпинат (экстракт листьев Spinacia oleracea), брокколи (экстракт цветка Brassica oleracea), концентрат инжира, концентрат финика, стеариновая кислота и стеарат магния. Содержит концентраты цельных продуктов / Без глютена / Без искусственных красителей','Кальций для детей','Детские жевательные пастилки (зверята) со вкусом ванильного пломбира.','90 таблеток','/img/animals/97467299962.jpg',6754,NULL,NULL),(27,2,'Детский витаминноминеральный комплекс','02004','Каждая жевательная пастилка содержит 16 витаминов и 8 минералов, а также самые полезные для здоровья продукты, включая морковь, брокколи, коричневый рис и шпинат.','Содержание в одной порции (2 жевательные пастилки в форме животных): Сахара - 2 г Витамин A (как бета-каротин) 5000 МЕ Витамин C (как аскорбиновая кислота) - 60 мг Витамин D3 (как холекальциферол от лишая) - 400 МЕ Витамин E (как D-альфа токоферил ацетат) - 30 МЕ Тиамин (витамин В1) (как тиамин HCI) – 1,5 мг Рибофлавин (витамин В-2) – 1,7 мг Ниацин (как ниацинамид) - 20 мг Витамин B6 (как пиридоксин HCI) - 2 мг Фолат (как кальций-L-5-метилтетрагидрофолат) - 10 мкг Витамин B12 (как метилкобаламин) - 6 мкг Биотин - 50 мкг Пантотеновая кислота (как кальций пантотенат) - 10 мг Кальций (как комплекс амиатов) - 20 мг Железо (как комплекс амиатов) - 5 мг Йод (из ламинарии) - 100 мкг Магний (как комплекс амиатов) - 10 мг Цинк (как комплекс амиатов) - 3 мг Медь (как комплекс амиатов) - 0.05 мг Марганец (как комплекс амиатов) - 0.05 мг Калий (как комплекс амиатов) - 1 мг Ананас плоды - 50 мг Яблоко плоды - 50 мг Масло подсолнечного масла - 20 мг Лимонный Биофлавоноидный комплекс (из цитрусовых лимонов) - 20 мг PABA (для-аминобензойной кислоты) - 400 мкг Холин (как битартрат) - 10 мкг Инозитол - 10 мкг. Другие Ингредиенты: Фруктоза, олигофруктоза, клюква, натуральный краситель (аннато, куркумин), лимонная кислота, натуральные ароматизаторы (арбуз), стеарат магния, стеариновая кислота, гуаровая камедь, карбонат кальция, фумарат железа, оксид магния, оксид цинка, цитрат калия, йодид калия, гороховый белок, мальтодекстрин без ГМО, трикальцийфосфат, гидроксид магния, спирулина (естественно богатая необходимыми питательными веществами), Шиповник (плоды шиповника), цельный коричневый рис, брокколи, шпинат, манго фрукты морковь, ВестИндская вишня (malpighia glabra Fruit) и папайя фрукты. Минеральные аминоаты являются гипоаллергенными целыми.','Детский витаминно-минеральный комплекс','Жевательные пастилки со вкусом вишни или ассорти','90 таблеток/180 таблеток','/img/animals/97467299801.jpg',365,NULL,NULL),(28,2,'Голд Мульти','02005','Содержит более 20 ключевых компонентов,: витамин D3 для поддержки костной и иммунной систем; витамин K2 для оптимального иммунного, кровяного и костного здоровья; лютеин для улучшения зрения и состояния кожи; живые ферменты и биофлавоноиды для лучшего усвоения питательных веществ, пробиотики и органические цельные продукты.','Содержание в одной порции (2 жевательные пастилки в форме животных): Витамин А (как бета-каротин) - 5000 МЕ Витамин С (в виде аскорбиновой кислоты) - 60 мг Витамин D3 (в виде холекальциферола из лишайника) - 500 МЕ Витамин Е (как D-альфа токоферилацетат) - 30 МЕ Витамин К2 (как менатетренон) - 40 мкг Тиамин (витамин В-1) (как тиамин HCl) - 1,5 мг\nРибофлавин (витамин В-2) - 1,7 мг Ниацин (как ниацинамид) - 20 мг Витамин В6 (как пиридоксин HCl) - 2 мкг Фолат (как кальций-к-5-\nметилтетрагидрофолат) - 10 мкг Витамин В12 (как метилкобаламин) - 6 мкг Биотин - 50 мкг Пантотеновая кислота (в виде пантотената кальция) - 10 мг Кальций (как комплекс аминоата) - 50 мг Железо (как комплекс аминоата) – 5 мг Йод (из ламинарии) - 100 мкг Магний (как комплекс аминоата) -10 мг Цинк (как комплекс аминоата) - 3 мг Медь (как комплекс аминоата) - 1 мг Марганец (как комплекс аминоата) -1 мг Селен (как селенит натрия) - 35 мкг Хром (в виде пиколината) - 60 мкг Калий (как комплекс аминоата) - 1 мг Комплекс незаменимых жирных кислот (альфа-линолевая, линолевая, олеиновая, пальмитиновая жирные кислоты (из подсолнечника, льна, спирулины) - 2 мг Ферментная смесь (более 340 единиц общей ферментативной активности) - амилаза, лактаза, липаза, бромелаин (из ананаса), папаин (из папайи), целлюлаза, протеаза - 1,4 мг Лютеин (активный каротиноид из календулы) - 0,5 мг L. acidophilus (3,5 млн жизнеспособных клеток) - 0,25 мг L. plantarum (2,5 млн жизнеспособных клеток) - 0,25 мг Термофильный стрептококк (10 миллионов жизнеспособных клеток) - 0,25 мг Лимонный Биофлавоноидный комплекс (из цитрусовых плодов лимона) - 0,2 мг Другие Ингредиенты:\nНатуральный краситель (свекла, аннато), лимонная кислота, гуаровая камедь, натуральные вишневые, малиновые, апельсиновые и виноградные\nароматизаторы, стеариновая кислота, стеарат магния, сертифицированная органическая золотая смесь цельных пищевых продуктов (органический\nэкстракт ацеролы, яблоко, росток брокколи, цветная капуста росток, капуста, гриб мицелия, капуста грибная, гриб мицелия, крапива, петрушка, сок свеклы, морковный сок, спирулина, гриб миши рейши, гриб шиитаке мицелий, шпинат, томатный сок, черника, черника, хлорелла), яблоко пектин, карбонат кальция, фумарат железа, оксид магния, оксид цинка, йод калия, битартрат холина, инозит, плоды шиповника, цельный коричневый рис, брокколи, шпинат, плод манго, морковь, вишня западно-индийская (плод мальбигия глабра), плод папайи. Минеральные аминоаты представляют собой цельные хелаты коричневого риса. Не содержит искусственных красителей, консервантов и обычных аллергенов, дрожжей, пшеницы и сои / Вегетарианский','Детский мультивитаминный комплекс','жевательные пастилки ','60 таблеток/120 таблеток','/img/animals/97467299276.jpg',647,NULL,NULL),(29,2,'Омега 3/6/9','02006','Содержат широкий спектр незаменимых ненасыщенных жирных кислот из высококачественного рыбьего жира и масла бурачника холодного отжима, льняного и оливкового масел первого отжима. Поддерживают здоровый рост и развитие детей благодаря жирным кислотам Омега-3, Омега-6 и Омега-9 высшего качества.','Содержание в одной порции (2 гелевые капсулы): Полиненасыщенные жиры – 0,5 г Омега 3/6/9 Детская запатентованная смесь – 1040 мг (без ГМО масло бурачника, масло рыбы (сардина, анчоус и скумбрия), льняное масло и оливковое масло экстра вирджин). Всего жирных кислот Омега-3 – 305 мг: ДГК (Докозагексаеновая кислота) – 200 мг ЭПК (Эйкозапентаеновая кислота) – 100 мг Альфа-линоленовая кислота (АЛК) – 5 мг Всего жирных кислот Омега-6 – 150 мг: Гамма-линоленовая кислота (ГЛА) – 100 мг Линоленовая кислота – 50 мг Всего жирных кислот Омега-9 – 125 мг: Олеиновая кислота - 125 мг. Другие Ингредиенты: Желатин, глицерин, лимонное масло холодного отжима, ароматизатор «Лимон», мальтит и очищенная вода. Не содержит искусственных красителей и консервантов / Не содержит общеизвестных аллергенов: дрожжей, пшеницы, кукурузы, сои и молока.','Омега 3/6/9 для детей','Детские гелевые капсулы со вкусом лимона.\r','90 капсул','/img/animals/97467299948.jpg',9867,NULL,NULL),(30,2,'Витамин С','02007','Состоят из концентратов цельных продуктов.Специальная детская формула с витамином Свключает биофлавоноиды на основе цитрусовых, а также экстракты виноградных косточек и черники, концентраты манго и папайи. ','Содержание в одной порции (2 жевательные пастилки в форме животных):\nСахара – 2г Витамин C (в виде аскорбиновой кислоты) – 250 мг Биофлавоноиды (из экзокарпия лимона) – 50 мг. Другие Ингредиенты: Фруктоза, натуральный ароматизатор «Апельсин», лимонная кислота, стеарат магния, натуральный краситель, свекольный сок и C-Source (запатентованный комплекс цельных продуктов: виноградная косточка, черника). Содержит концентраты цельных продуктов / Вегетарианский / Без глютена','Витамин С для детей','Жевательные пастилки со вкусом\nапельсинового сока','90 таблеток','/img/animals/97467299986.jpg',4754,NULL,NULL),(31,2,'Витамин D3 200 единиц','02008','Сегодня потребность детей в витамине D сильно возросла. Использование солнцезащитного крема, а также занятия в помещении, резко сократили воздействие солнца на детей, естественного синтеза витамина D. Специалисты рекомендуют дополнительные добавки витамина D для оптимального роста и здоровья. Каждая вкусная апельсиновая капля содержит 200 МЕ (50% дневной нормы) биодоступной формы витамина D3 (холекальциферола), а также дополнительные питательные вещества для максимально эффективного усвоения.','Содержание в одной порции (1 капля): Витамин D3 (холекальциферол) – 200 МЕ Другие Ингредиенты: EFASorb EFA Absorption Complex [лецитин (из подсолнечника), фосфатидилхолин, фосфатидилсерин, минералы, переваривающие липиды (кальций, калий и хлорид)], сафлоровое масло, натуральное апельсиновое масло. Без искусственных красителей и подсластителей / Биодоступная Активная Форма D3 / Без глютена /Вегетарианский / Гипоаллергенный','жидкий витамин D3 с апельсиновым вкусом для детей','капли','10 мл','/img/animals/97467299412.jpg',4567,NULL,NULL),(32,3,'LACTIBIANE Reference','03001','ЛАКТИБИАН Референс -это смесь пробиотиков, способствующих укреплению = флоры. Улучшает кишечные расстройства (растяжения, затруднения) и контролирует транзит с 1-й недели беременности, источникбифидобактерий, пробиотических лактобактерий и молочнокислых бактерий, содержит 4 штамма микробиоты с концентрацией 10 миллиардов в капсуле: > Bifidobacterium longum LA 101 > Lactobacillus helveticus LA 102 > Lactococcus lactis LA 103 > Streptococcus thermophilus LA 104 Микробиологические штаммы, отобранные компанией PiLeJe для включения в Справочник по ЛАКТИБИАНУ, зарегистрированы в национальной коллекции микроорганизмов Франции (CNCM). ЛАКТИБИАН Референс - это продукт, разработанный в соответствии с критериями хартии HQM (High Microbiotic Quality), гарантирующий строгий отбор микробиотических штаммов и производство, отвечающее высоким стандартам качества.','Биомасса лиофилизированных пробиотических микроорганизмов (бифидобактерий, лактобактерий и молочнокислых бактерий) Количество в капсуле: Молочнокислые ферменты - 10.109 КОЕ** КОЕ: Колониеобразующая единица. Капсулы: наполнитель: кукурузный крахмал, молочные ферменты (носитель: картофельный крахмал), вегетарианская капсула, антислеживающийся агент: стеарат магния','смесь пробиотиков','капсулы','30 капсул\r','/img/pileje/3401560504828.jpg',7474,NULL,NULL),(33,3,'LACTIBIANE Tolerance','03002','ЛАКТИБИАН Толеранс - источник бифидобактерий, пробиотических лактобактерий и молочнокислых бактерий, уменьшает боль в кишечнике, восстанавливает слизистую оболочку кишечника, содержит 5 штаммов микробиоты с концентрацией 10 миллиардов в капсуле: > Бифидобактерии LA 303 > Lactobacillus acidophilus LA 201 > Lactobacillus plantarum LA 301 > Lactobacillus salivarius LA 302 > Бифидобактерии LA 304 ЛАКТИБИАН Толеранс эффективен при функциональных и периодических расстройствах кишечника: болях в животе, вздутии, диареи и запорах, восстанавливает кишечную микрофлору после приема антибиотиков. Микробиологические штаммы, отобранные компанией PiLeJe для включения в Справочник по ЛАКТИБИАНУ, зарегистрированы в национальной коллекции микроорганизмов Франции (CNCM). ЛАКТИБИАН Толеранс - это продукт, разработанный в соответствии с критериями хартии HQM (High Microbiotic Quality), гарантирующий строгий отбор микробиотических штаммов и производство, отвечающее высоким стандартам качества.','Биомасса лиофилизированных пробиотических микроорганизмов (бифидобактерий, лактобактерий и молочнокислых бактерий) Количество в капсуле: Молочнокислые ферменты - 10.109 КОЕ** КОЕ: Колониеобразующая единица. Капсулы: наполнитель: кукурузный крахмал, молочные ферменты (носитель: картофельный крахмал), вегетарианская капсула, антислеживающийся агент: стеарат магния.','источник бифидобактерий, пробиотических лактобактерий и молочнокислых бактерий','капсулы','30 капсул','/img/pileje/3401560504996.jpg',345,NULL,NULL),(34,3,'LACTIBIANE ATB','03003','ЛАКТИБИАН АТБ - источник пробиотических микроорганизмов - лактобактерий, уменьшает боль в кишечнике, восстанавливает слизистую оболочку кишечника, содержит 12 миллиардов специфических микробиотических штаммов в капсуле: > Lactobacillus rhamnosus LA 801 ЛАКТИБИАН АТБ эффективен при функциональных и периодических расстройствах кишечника: болях в животе, вздутии, диареи и запорах, восстанавливает кишечную микрофлору после приема антибиотиков. Микробиологические штаммы, отобранные компанией PiLeJe для включения в Справочник по ЛАКТИБИАНУ, зарегистрированы в национальной коллекции микроорганизмов Франции (CNCM). ЛАКТИБИАН АТБ - это продукт, разработанный в соответствии с критериями хартии HQM (High Microbiotic Quality), гарантирующий строгий отбор микробиотических штаммов и производство, отвечающее высоким стандартам качества','Биомасса лиофилизированных пробиотических микроорганизмов (бифидобактерий, лактобактерий и молочнокислых бактерий) Количество в капсуле: Молочнокислые ферменты - 12.109 КОЕ** КОЕ: Колониеобразующая единица. Капсулы: наполнитель: кукурузный крахмал, молочные ферменты (носитель: картофельный крахмал), вегетарианская капсула, антислеживающийся агент: стеарат магния.',' источник пробиотических микроорганизмов - лактобактерий','капсулы','10 капсул\r','/img/pileje/3401560168174.jpg',6546,NULL,NULL),(35,3,'LACTIBIANE Cnd 10M','03004','LACTIBIANE Cnd 10M - источник пробиотических микроорганизмов - лактобактерий, помогает женщинам устранить нарушения urogenitaux и пищеварения, содержит 2 тщательно подобранных микробиотических штамма с концентрацией 10 миллиардов в капсуле: > Lactobacillus gasseri LA 806 > Lactobacillus helveticus LA 401 candisis Влагалищная флора и флора кишечника у женщин может быть повреждена и поражена Candida Albicans. LACTIBIANE Cnd 10M прекращает развитие Candida Albicans, помогает избежать адгезии Candida Albicans на стенки желудочно кишечного тракта и таким образом устраняют расстройства urogénitaux и пищеварения. Микробиологические штаммы, отобранные компанией PiLeJe для включения в Справочник по ЛАКТИБИАНУ, зарегистрированы в национальной коллекции микроорганизмов Франции (CNCM). LACTIBIANE Cnd 10M - это продукт, разработанный в соответствии с критериями хартии HQM (High Microbiotic Quality), гарантирующий строгий отбор микробиотических штаммов и производство, отвечающее высоким стандартам качества. Разрешено для кормящих и беременных женщин, можно потреблять при цистите','Биомасса лиофилизированных пробиотических микроорганизмов (бифидобактерий, лактобактерий и молочнокислых бактерий) Количество в капсуле: Молочнокислые ферменты - 10.109 КОЕ** КОЕ: Колониеобразующая единица. Капсулы: наполнитель: высокосушеный кукурузный крахмал, молочные ферменты, вегетарианская капсула, загуститель: гидроксипропилметилцеллюлоза, анти-слеживающийся агент: стеарат магния.','пробиотические микроорганизмы','капсулы','30 капсул','/img/pileje/3701145600267.jpg',2354,NULL,NULL),(36,3,'LACTIBIANE Enfant Sachet','03005','LACTIBIANE Enfant Sachet - пробиотики, адаптированные к микробиоте детей от 0 до 4-х лет в порошке для улучшения пищеварения и лучшего усвоения питательных веществ из пищи, содержит 5 микробиотических штаммов с концентрацией 4 миллиарда в пакетике саше: > Bifidobacterium longum LA 101 > Lactobacillus helveticus LA 102 > Lactococcus lactis LA 103  > Streptococcus thermophilus LA 104 > Lactobacillus rhamnosus LA 801 LACTIBIANE Enfant Sachet - профилактика инфекций, эффективен при атопическом дерматите, хронической астме, пищевой аллергии и постоянных запорах. Также содержит витамин D, который помогает поддерживать нормальное функционирование иммунной системы у детей старше 3. Микробиологические штаммы, отобранные компанией PiLeJe для включения в Справочник по ЛАКТИБИАНУ, зарегистрированы в национальной коллекции микроорганизмов Франции (CNCM).\nLACTIBIANE Enfant Sachet - это продукт, разработанный в соответствии с критериями хартии HQM (High Microbiotic Quality), гарантирующий строгий отбор микробиотических штаммов и производство, отвечающее высоким стандартам качества.\r','Наполнитель: Картофельный крахмал, молочная ферменты, декстроза, цикория, фруктоолигосахариды, мальтодекстрин, эмульгатор: микрокристаллическая целлюлоза, витамин D3. Количество в пакетике (1г): Молочнокислые ферменты - 4.109 КОЕ*; Витамин D - 3.75 мкг (150 МЕ).* КОЕ: Колониеобразующая единица','пробиотики, адаптированные к микробиоте детей','пакетики саше','30 саше','/img/pileje/3401545503877.jpg',4564,NULL,NULL),(37,3,'LACTIBIANE Enfant Gouttes','03006','LACTIBIANE Enfant Gouttes - пробиотики, адаптированные к микробиоте детей от 0 до 4-х лет в каплях для улучшения пищеварения и лучшего усвоения питательных веществ из пищи, содержит органическое рапсовое масло, 5 микробиотических штаммов c концентрацией 2 миллиарда и витамин D3: > Bifidobacterium longum LA 101 > Lactobacillus helveticus LA 102 > Lactococcus lactis LA 103 > Streptococcus thermophilus LA 104 > Lactobacillus rhamnosus LA 801 LACTIBIANE Enfant Gouttes - профилактика инфекций, эффективен при атопическом дерматите, хронической астме, пищевой аллергии и постоянных запорах. Содержит витамин D, который поддерживает нормальное функционирование иммунной системы у детей. Микробиологические штаммы, отобранные компанией PiLeJe для включения в Справочник по ЛАКТИБИАНУ, зарегистрированы в национальной коллекции микроорганизмов Франции (CNCM). LACTIBIANE Enfant Gouttes - это продукт, разработанный в соответствии с критериями хартии HQM (High Microbiotic Quality), гарантирующий строгий отбор микробиотических штаммов и производство, отвечающее высоким стандартам качества.','БУТЫЛКА : Органическое рапсовое масло, антиоксидант: экстракт, богатый токоферолами. САШЕ (Перед первым использованием необходимо высыпать содержимое пакетика в бутылку, содержащую масло. Закрыть бутылку крышкой и хорошо встряхнуть перед использованием): Молочнокислые ферменты (носитель: картофельный крахмал, кукурузный мальтодекстрин, цикорий инулин), наполнитель: картофельный крахмал, цикорий инулин, кукурузный мальтодекстрин, эмульгатор: моно -, ди- и триглицериды жирных кислот, витамин D3. Количество в 1 мл: Рапсовое масло - 1 мл; Молочнокислые ферменты - 2.109 КОЕ*; Витамин D - 1 мкг (40 МЕ).* КОЕ: Колониеобразующая единица.','пробиотики, адаптированные к микробиоте детей','капли','30 мл','/img/pileje/lactibiane-enfant-gouttes_1_300x300.png',797,NULL,NULL),(38,3,'LACTIBIANE Voyage','03007','ЛАКТИБИАН Вояж - пробиотики для предотвращения пищеварительных расстройств во время путешествий, содержит 3 микробиотических штамма с концентрацией 20 миллиардов в капсуле: > Lactobacillus acidophilus LA 201 > Lactobacillus casei LA 205 > Lactobacillus plantarum LA 301\nЛАКТИБИАН Вояж - подходит для путешественников, так как продукт стабилен после 1 месяца при температуре 40°C. Укрепляет кишечную флору, тормозит развитие кишечной палочки и сальмонеллы, двух основных патогенных микроорганизмов, способствующих появлению «диареи путешественника», рекомендуется в качестве дополнения к другим видам защиты, применяемыми путешественниками в экстремальных условиях. Микробиологические штаммы, отобранные компанией PiLeJe для включения в Справочник по ЛАКТИБИАНУ, зарегистрированы в национальной коллекции микроорганизмов Франции (CNCM). ЛАКТИБИАН Вояж - это продукт, разработанный в соответствии с критериями хартии HQM (High Microbiotic Quality), гарантирующий строгий отбор микробиотических штаммов и производство, отвечающее высоким стандартам качества.','Наполнитель: кукурузный крахмал, молочные ферменты (носитель: мальтодекстрины), вегетарианская капсула, антислеживающийся агент: стеарат магния. Количество в капсуле: Молочнокислые ферменты - 20.109 КОЕ*.* КОЕ: Колониеобразующая единица','пробиотики','капсулы','14 капсул\r','/img/pileje/pileje-lactibiane-travel-14-capsules-x575mg.jpg',6789,NULL,NULL),(39,3,'LACTIBIANE Immuno','03008','ЛАКТИБИАН Иммуно - пробиотик для укрепления иммунитета, содержит 2 микробиотических штамма с концентрацией 1 миллиард, витамины C и D в таблетке: > Lactobacilus paracasei LA 802 > Лактобацилла ацидофильная LA 201 ЛАКТИБИАН Иммуно - подходит для путешественников, так как продукт стабилен после 1 месяца при температуре 40°C. Микробиологические штаммы, отобранные компанией PiLeJe для включения в Справочник по ЛАКТИБИАНУ, зарегистрированы в национальной коллекции микроорганизмов Франции (CNCM). ЛАКТИБИАН Иммуно - это продукт, разработанный в соответствии с критериями хартии HQM (High Microbiotic Quality), гарантирующий строгий отбор микробиотических штаммов и производство, отвечающее высоким стандартам качества','Наполнители: фруктоолигосахариды, цикорий инулин и микрокристаллическая целлюлоза, молочные ферменты (носитель: цикорий инулин, лактоза, молочный белок), витамин С, Витамин D3, подсластитель: сукралоза, антислеживающийся агент: стеарат магния, натуральный мятный ароматизатор (0,3 %). Количество в таблетке: Молочнокислые ферменты - 2.109 КОЕ*; Витамин D3 - 1,5 мкг (60 МЕ); Витамин С - 24 мг.* КОЕ: Колониеобразующая единица.','пробиотик для укрепления иммунитета','таблетки для рассасывания','30 таблеток','/img/pileje/3701145600182.jpg',6789,NULL,NULL),(40,3,'Babybiane Imedia','03009','Babybiane Imedia - это средство для специальных медицинских целей при острой диарее: • Связанные с гастроэнтеритом • Связанные с применением антибиотиков • Или из-за внутрибольничной инфекции и содержит 10 миллиардов КОЕ в саше: > Lactobacillus rhamnosus LA 801 Babybiane Imedia был разработан для удовлетворения потребностей в питании детей, когда они имеют острый гастроэнтерит или диарею, связанную с использованием антибиотиков. Штамм, выбранный компанией Pileje, зарегистрирован в национальной коллекции микроорганизмов Франции (CNCM). Использование этого штамма в этой дозе было оценено” 1, А \" Европейским обществом детской гастроэнтерологии гепатологии и питания (ESPGHAN) для лечения острого гастроэнтерита у младенцев в сочетании с пероральной регидратационной терапией и для лечения вызванной антибиотиками диареи. Babybiane Imedia - это продукт, разработанный в соответствии с критериями хартии HQM (High Microbiotic Quality), гарантирующий строгий отбор микробиотических штаммов и производство, отвечающее высоким стандартам качества.','Мальтодекстрин, молочная закваска Lactobacillus rhamnosus GG LA801. Количество в 1 саше (1,5 г): Молочнокислые ферменты - 10.109 КОЕ*; Жиры - 0 г; Углеводы - 1,4 г, из которых сахара < 0,5 г; Белок < 0,5 г; Соль < 0,01 г.* КОЕ: Колониеобразующая единица.','средство при острой диарее','пакетики саше','7 саше','/img/pileje/3701145600076.jpg',5678,NULL,NULL),(41,3,'IMMUCHOC','03010','IMMUCHOC - это пищевая добавка состоит из Порфирала HSP (Porphyral HSP), экстракта элеутерококка, экстракта эвкалипта и витамина С. Витамин С способствует нормальному функционированию иммунной системы и уменьшает усталость. Порфирал HSP - запатентованный ингредиент из натуральных ингредиентов, полученных из водорослей порфира (Porphyra umbilicalis) - стимулирует экспрессию белков теплового шока (HSP) , стимулирует миграцию клеток после повреждения, процесс полураспада 72 часа, отсутствие передозировки. IMMUCHOC принимается при первых симптомах гриппа и простуды, быстро устраняет симптомы, предотвращает развитие болезни, поддерживает врожденный иммунитет. IMMUCHOC - лучший и быстрый синтез HSP белков во время клеточного стресса, восстанавливает поврежденные белки клеток, ликвидирует белки клеток, не подлежащих восстановлению.','Porphyral HSP® (экстракт морских водорослей стимулирует синтез коллагена, целлюлоза микрокристаллическая), экстракт элеутерококка (корень), экстракт эвкалипта шаровидного (лист), мальтодекстрин, витамин С, загуститель: карбоксиметилцеллюлоза натрия сетчатой, предотвращающий слипание агент: стеарат магния. Экстракт элеутеракокка (Eleutherococcis Senticosus) - 240 мг; Экстракт эвкалипта (Eucalyptus Globulus) - 150 мг; Витамин C - 26,6 мг. Следы рыб, ракообразных и моллюсков обусловлены наличием водорослей Porphyra Umbilicalis.','пищевая добавка','таблетки','15 таблеток','/img/pileje/3401564145829.jpg',9876,NULL,NULL),(42,3,'FORMAG','03011','Формаг - это уникальный морской рисовый комплекс с магнием, с улучшенной кишечной абсорбцией, лучшей пищеварительной толерантностью и внутриклеточной задержкой. Формаг магний биодоступный - рекомендуется при длительном недостатке магния (отсутствие тонуса, нарушение сна, чувствительность к стрессу). Магний является важным микроэлементом для многих процессов в нашем организме. Магний необходим для работы мышц (в том числе и сердца), сосудов, скелета, иммунной и нервной системы. Витамин В6 способствует проникновению магния в клетки организма, таурин удерживает магний внутри клетки. Формаг способствуют нормальному функционированию нервной системы и уменьшает усталость. Формаг - морской магний состоит из ингредиента Hyprori-ri MAG ® объединения магния добытого из Мертвого моря и фракций аминокислот (рис белковых гидролизатов).','Hypro-ri ® MAG (оксид магния морских и риса белковый гидролизат), предотвращающего слипание агентов: фосфат кальция, стеарат магния и диоксид кремния, агенты: микрокристаллической целлюлозы и натрий-карбоксиметилцеллюлоза, таурин, агенты Покрытие: гидроксипропилметилцеллюлоза и стеариновая кислота, витамин В6. Магний - 150 мг; Витамин В6 - 1 мг; Таурин - 90 мг.','комплекс с магнием','таблетки','30/90 таблеток','/img/pileje/3401547456652.jpg',2342,NULL,NULL);
/*!40000 ALTER TABLE `products` ENABLE KEYS */;
UNLOCK TABLES;

--
-- Table structure for table `users`
--

DROP TABLE IF EXISTS `users`;
/*!40101 SET @saved_cs_client     = @@character_set_client */;
/*!50503 SET character_set_client = utf8mb4 */;
CREATE TABLE `users` (
  `id` bigint unsigned NOT NULL AUTO_INCREMENT,
  `name` varchar(255) COLLATE utf8mb4_unicode_ci NOT NULL,
  `email` varchar(255) COLLATE utf8mb4_unicode_ci NOT NULL,
  `email_verified_at` timestamp NULL DEFAULT NULL,
  `password` varchar(255) COLLATE utf8mb4_unicode_ci NOT NULL,
  `remember_token` varchar(100) COLLATE utf8mb4_unicode_ci DEFAULT NULL,
  `created_at` timestamp NULL DEFAULT NULL,
  `updated_at` timestamp NULL DEFAULT NULL,
  PRIMARY KEY (`id`),
  UNIQUE KEY `users_email_unique` (`email`)
) ENGINE=InnoDB DEFAULT CHARSET=utf8mb4 COLLATE=utf8mb4_unicode_ci;
/*!40101 SET character_set_client = @saved_cs_client */;

--
-- Dumping data for table `users`
--

LOCK TABLES `users` WRITE;
/*!40000 ALTER TABLE `users` DISABLE KEYS */;
/*!40000 ALTER TABLE `users` ENABLE KEYS */;
UNLOCK TABLES;
/*!40103 SET TIME_ZONE=@OLD_TIME_ZONE */;

/*!40101 SET SQL_MODE=@OLD_SQL_MODE */;
/*!40014 SET FOREIGN_KEY_CHECKS=@OLD_FOREIGN_KEY_CHECKS */;
/*!40014 SET UNIQUE_CHECKS=@OLD_UNIQUE_CHECKS */;
/*!40101 SET CHARACTER_SET_CLIENT=@OLD_CHARACTER_SET_CLIENT */;
/*!40101 SET CHARACTER_SET_RESULTS=@OLD_CHARACTER_SET_RESULTS */;
/*!40101 SET COLLATION_CONNECTION=@OLD_COLLATION_CONNECTION */;
/*!40111 SET SQL_NOTES=@OLD_SQL_NOTES */;

-- Dump completed on 2021-10-07  9:24:37
